sno,name
,Accounting and Bookkeeping Services
,Tax Consultation and Filing
,Business Consulting
,Legal Services and Corporate Law
,Digital Marketing and Social Media Management
,Website Design and Development
,Graphic Design and Branding
,Content Writing and Copywriting
,Business Plan Development
,Human Resources and Recruitment Services
,Event Planning and Management
,IT Support and Networking Services
,Professional Photography and Videography
,Printing and Stationery Services
,Mobile App Development
,E-commerce Solutions and Online Store Development
,Business Training and Workshops
,Market Research and Data Analysis
,Logistics and Supply Chain Management
,Real Estate Agency and Property Management
,Interior Design and Decoration
,Security Services and Surveillance Systems
,Health and Safety Consulting
,Travel Agency and Tour Services
,Catering and Event Catering Services
,Cleaning and Janitorial Services
,Fitness and Personal Training
,Car Rental and Transportation Services
,Import and Export Consulting
,Waste Management and Recycling Services
,Home and Office Renovation Services
,Pest Control Services
,Insurance Brokerage and Risk Management
,Foreign Exchange and Remittance Services
,Mobile and Web Application Testing
,Data Entry and Virtual Assistant Services
,Financial Advisory and Investment Consulting
,Language Translation and Interpretation Services
,Spa and Wellness Services
,Fashion Design and Tailoring Services
,Export and Import Services
,Product Packaging and Labeling
,Software Development and Customization
,Public Relations and Media Management
,Business Registration and Company Incorporation
,Agriculture and Farming Consultancy
,Recruitment and Headhunting Services
,Renewable Energy Solutions and Installation
,Water Supply and Bottling Services
,Educational Consultancy and Tutoring Services
